TechStack,Portfolio_links
Backend,https://behance.net/user1
Go,https://behance.net/user2
DevOps,https://medium.com/user3
Laravel,https://dribbble.com/user4
HTML/CSS,https://medium.com/user5
Keras,https://medium.com/user6
Blockchain,https://dev.to/user7
Ruby,https://portfolio.com/user8
Vue.js,https://dev.to/user9
Flask,https://linkedin.com/in/user10
Backend,https://medium.com/user11
Docker,https://behance.net/user12
MATLAB,https://dev.to/user13
Data Science,https://portfolio.com/user14
PyTorch,https://dev.to/user15
Backend,https://medium.com/user16
HTML/CSS,https://dribbble.com/user17
C++,https://dev.to/user18
Angular,https://linkedin.com/in/user19
Game Development,https://linkedin.com/in/user20
Django,https://github.io/user21
Flask,https://portfolio.com/user22
Rust,https://dev.to/user23
Angular,https://linkedin.com/in/user24
Spring Boot,https://behance.net/user25
R,https://github.io/user26
Go,https://dribbble.com/user27
ASP.NET,https://dev.to/user28
TypeScript,https://medium.com/user29
JavaScript,https://behance.net/user30
HTML/CSS,https://portfolio.com/user31
Data Science,https://dev.to/user32
Vue.js,https://linkedin.com/in/user33
Shell,https://portfolio.com/user34
Game Development,https://dev.to/user35
Hadoop,https://medium.com/user36
Scala,https://linkedin.com/in/user37
SQL,https://linkedin.com/in/user38
Big Data,https://portfolio.com/user39
AWS,https://linkedin.com/in/user40
Laravel,https://dribbble.com/user41
Big Data,https://linkedin.com/in/user42
R,https://github.io/user43
TypeScript,https://github.io/user44
Go,https://github.io/user45
ASP.NET,https://portfolio.com/user46
Data Science,https://medium.com/user47
AWS,https://dev.to/user48
JavaScript,https://github.io/user49
SQL,https://linkedin.com/in/user50
Blockchain,https://portfolio.com/user51
Full Stack,https://medium.com/user52
ASP.NET,https://github.io/user53
SQL,https://dribbble.com/user54
Shell,https://portfolio.com/user55
Java,https://behance.net/user56
JavaScript,https://portfolio.com/user57
Vue.js,https://behance.net/user58
ASP.NET,https://dev.to/user59
Azure,https://behance.net/user60
Kubernetes,https://behance.net/user61
Full Stack,https://dribbble.com/user62
Azure,https://dribbble.com/user63
Frontend,https://medium.com/user64
C#,https://portfolio.com/user65
PHP,https://linkedin.com/in/user66
Ruby,https://behance.net/user67
Ruby,https://portfolio.com/user68
DevOps,https://behance.net/user69
AI,https://dribbble.com/user70
Java,https://linkedin.com/in/user71
Go,https://github.io/user72
AWS,https://dribbble.com/user73
SQL,https://linkedin.com/in/user74
ASP.NET,https://medium.com/user75
JavaScript,https://dribbble.com/user76
PyTorch,https://linkedin.com/in/user77
iOS Development,https://portfolio.com/user78
JavaScript,https://medium.com/user79
Java,https://github.io/user80
Docker,https://behance.net/user81
Game Development,https://behance.net/user82
Azure,https://dev.to/user83
Perl,https://github.io/user84
GCP,https://portfolio.com/user85
C++,https://github.io/user86
TensorFlow,https://behance.net/user87
AWS,https://linkedin.com/in/user88
Laravel,https://medium.com/user89
Spring Boot,https://behance.net/user90
GCP,https://linkedin.com/in/user91
C#,https://dribbble.com/user92
PHP,https://dev.to/user93
Frontend,https://portfolio.com/user94
Backend,https://linkedin.com/in/user95
C#,https://dev.to/user96
Big Data,https://portfolio.com/user97
TensorFlow,https://github.io/user98
MATLAB,https://dev.to/user99
Backend,https://dev.to/user100
Shell,https://linkedin.com/in/user101
ASP.NET,https://medium.com/user102
Blockchain,https://github.io/user103
Docker,https://dev.to/user104
Django,https://dev.to/user105
Scala,https://portfolio.com/user106
TypeScript,https://dev.to/user107
Perl,https://portfolio.com/user108
Spark,https://medium.com/user109
TensorFlow,https://dribbble.com/user110
Perl,https://dribbble.com/user111
DevOps,https://dribbble.com/user112
Python,https://dev.to/user113
DevOps,https://dev.to/user114
iOS Development,https://github.io/user115
Frontend,https://dev.to/user116
Big Data,https://portfolio.com/user117
Machine Learning,https://medium.com/user118
PHP,https://portfolio.com/user119
C#,https://linkedin.com/in/user120
Azure,https://github.io/user121
PHP,https://dribbble.com/user122
Go,https://linkedin.com/in/user123
Scala,https://dribbble.com/user124
Dart,https://linkedin.com/in/user125
Kotlin,https://behance.net/user126
Data Science,https://linkedin.com/in/user127
GCP,https://dev.to/user128
Dart,https://behance.net/user129
MATLAB,https://behance.net/user130
Spark,https://github.io/user131
DevOps,https://github.io/user132
Rust,https://portfolio.com/user133
Big Data,https://medium.com/user134
Vue.js,https://github.io/user135
PyTorch,https://linkedin.com/in/user136
Docker,https://behance.net/user137
HTML/CSS,https://github.io/user138
AWS,https://linkedin.com/in/user139
TypeScript,https://dev.to/user140
Hadoop,https://dev.to/user141
Blockchain,https://behance.net/user142
PyTorch,https://portfolio.com/user143
AI,https://portfolio.com/user144
Docker,https://portfolio.com/user145
Laravel,https://linkedin.com/in/user146
Python,https://github.io/user147
Laravel,https://linkedin.com/in/user148
Full Stack,https://dribbble.com/user149
TensorFlow,https://github.io/user150
Flask,https://github.io/user151
Frontend,https://medium.com/user152
Game Development,https://behance.net/user153
iOS Development,https://linkedin.com/in/user154
Scala,https://dev.to/user155
Angular,https://dribbble.com/user156
Spring Boot,https://github.io/user157
Backend,https://dribbble.com/user158
Docker,https://dribbble.com/user159
HTML/CSS,https://linkedin.com/in/user160
Spark,https://linkedin.com/in/user161
Big Data,https://linkedin.com/in/user162
C++,https://linkedin.com/in/user163
Spring Boot,https://dribbble.com/user164
Kotlin,https://medium.com/user165
Ruby,https://medium.com/user166
Azure,https://portfolio.com/user167
Kotlin,https://github.io/user168
C++,https://linkedin.com/in/user169
TypeScript,https://github.io/user170
Swift,https://dev.to/user171
Spark,https://dev.to/user172
JavaScript,https://medium.com/user173
MATLAB,https://github.io/user174
Big Data,https://behance.net/user175
Ruby,https://portfolio.com/user176
Angular,https://medium.com/user177
Frontend,https://medium.com/user178
Kubernetes,https://medium.com/user179
AI,https://portfolio.com/user180
Scala,https://linkedin.com/in/user181
Android Development,https://portfolio.com/user182
Data Science,https://github.io/user183
AI,https://medium.com/user184
Docker,https://dribbble.com/user185
Azure,https://github.io/user186
Keras,https://github.io/user187
SQL,https://dribbble.com/user188
Full Stack,https://linkedin.com/in/user189
Full Stack,https://linkedin.com/in/user190
Docker,https://portfolio.com/user191
Kotlin,https://github.io/user192
React,https://dev.to/user193
Node.js,https://dev.to/user194
React,https://dribbble.com/user195
R,https://linkedin.com/in/user196
iOS Development,https://github.io/user197
Java,https://dev.to/user198
Full Stack,https://medium.com/user199
Perl,https://medium.com/user200
C++,https://github.io/user201
Hadoop,https://github.io/user202
Ruby,https://linkedin.com/in/user203
Azure,https://behance.net/user204
PHP,https://dribbble.com/user205
React,https://behance.net/user206
Backend,https://linkedin.com/in/user207
Spark,https://dribbble.com/user208
Docker,https://linkedin.com/in/user209
Python,https://linkedin.com/in/user210
Python,https://dev.to/user211
Dart,https://dev.to/user212
C#,https://portfolio.com/user213
Spark,https://linkedin.com/in/user214
Vue.js,https://github.io/user215
Hadoop,https://linkedin.com/in/user216
Spring Boot,https://github.io/user217
Machine Learning,https://portfolio.com/user218
MATLAB,https://portfolio.com/user219
Java,https://behance.net/user220
AI,https://dev.to/user221
Angular,https://github.io/user222
Go,https://github.io/user223
Full Stack,https://dribbble.com/user224
Hadoop,https://medium.com/user225
Java,https://dev.to/user226
Backend,https://github.io/user227
Kubernetes,https://dribbble.com/user228
Spark,https://medium.com/user229
GCP,https://dev.to/user230
AI,https://github.io/user231
Kotlin,https://github.io/user232
Flask,https://portfolio.com/user233
Big Data,https://medium.com/user234
Python,https://portfolio.com/user235
C++,https://behance.net/user236
Keras,https://github.io/user237
Swift,https://portfolio.com/user238
Spark,https://behance.net/user239
Django,https://dribbble.com/user240
R,https://dev.to/user241
Docker,https://github.io/user242
Backend,https://dev.to/user243
TypeScript,https://github.io/user244
TypeScript,https://behance.net/user245
Android Development,https://medium.com/user246
Angular,https://dev.to/user247
Kubernetes,https://medium.com/user248
Game Development,https://linkedin.com/in/user249
Game Development,https://dev.to/user250
R,https://dribbble.com/user251
Machine Learning,https://dribbble.com/user252
Angular,https://medium.com/user253
Frontend,https://github.io/user254
Scala,https://dev.to/user255
PyTorch,https://github.io/user256
Flask,https://dribbble.com/user257
Kotlin,https://dribbble.com/user258
Azure,https://dribbble.com/user259
AWS,https://dribbble.com/user260
Big Data,https://github.io/user261
SQL,https://github.io/user262
React,https://dev.to/user263
C#,https://dev.to/user264
Node.js,https://dribbble.com/user265
AI,https://github.io/user266
R,https://portfolio.com/user267
SQL,https://portfolio.com/user268
Vue.js,https://github.io/user269
Ruby,https://dribbble.com/user270
Backend,https://portfolio.com/user271
Docker,https://medium.com/user272
Dart,https://linkedin.com/in/user273
iOS Development,https://behance.net/user274
MATLAB,https://medium.com/user275
PyTorch,https://portfolio.com/user276
Spring Boot,https://github.io/user277
Java,https://dribbble.com/user278
R,https://behance.net/user279
R,https://github.io/user280
Flask,https://github.io/user281
Android Development,https://behance.net/user282
R,https://github.io/user283
PHP,https://github.io/user284
AWS,https://dribbble.com/user285
Ruby,https://portfolio.com/user286
Blockchain,https://dribbble.com/user287
ASP.NET,https://github.io/user288
Python,https://medium.com/user289
Ruby,https://github.io/user290
PHP,https://portfolio.com/user291
Python,https://dribbble.com/user292
GCP,https://linkedin.com/in/user293
Vue.js,https://dribbble.com/user294
Data Science,https://github.io/user295
Backend,https://portfolio.com/user296
Shell,https://behance.net/user297
TypeScript,https://medium.com/user298
Frontend,https://linkedin.com/in/user299
Backend,https://medium.com/user300
Blockchain,https://portfolio.com/user301
Swift,https://dribbble.com/user302
Game Development,https://medium.com/user303
Data Science,https://github.io/user304
MATLAB,https://behance.net/user305
Django,https://linkedin.com/in/user306
Laravel,https://dribbble.com/user307
R,https://linkedin.com/in/user308
Flask,https://github.io/user309
Dart,https://dev.to/user310
TypeScript,https://behance.net/user311
Perl,https://github.io/user312
Vue.js,https://github.io/user313
C++,https://dev.to/user314
R,https://dev.to/user315
Go,https://dribbble.com/user316
Rust,https://dev.to/user317
C++,https://dribbble.com/user318
Shell,https://linkedin.com/in/user319
Kotlin,https://github.io/user320
Frontend,https://portfolio.com/user321
ASP.NET,https://github.io/user322
Perl,https://dev.to/user323
Hadoop,https://github.io/user324
Swift,https://behance.net/user325
GCP,https://dribbble.com/user326
Android Development,https://behance.net/user327
DevOps,https://medium.com/user328
Java,https://github.io/user329
TensorFlow,https://behance.net/user330
Azure,https://medium.com/user331
DevOps,https://linkedin.com/in/user332
Android Development,https://portfolio.com/user333
Go,https://behance.net/user334
Swift,https://portfolio.com/user335
iOS Development,https://dribbble.com/user336
Angular,https://dev.to/user337
GCP,https://dribbble.com/user338
Machine Learning,https://behance.net/user339
Blockchain,https://medium.com/user340
PHP,https://linkedin.com/in/user341
Django,https://portfolio.com/user342
Spark,https://github.io/user343
Python,https://linkedin.com/in/user344
Spark,https://behance.net/user345
Kotlin,https://github.io/user346
React,https://behance.net/user347
Frontend,https://dev.to/user348
Java,https://portfolio.com/user349
Flask,https://github.io/user350
PHP,https://dev.to/user351
React,https://linkedin.com/in/user352
TypeScript,https://dev.to/user353
Go,https://dev.to/user354
Frontend,https://medium.com/user355
DevOps,https://medium.com/user356
Flask,https://linkedin.com/in/user357
Node.js,https://medium.com/user358
Spark,https://linkedin.com/in/user359
Node.js,https://github.io/user360
Big Data,https://dev.to/user361
Ruby,https://portfolio.com/user362
Game Development,https://behance.net/user363
Machine Learning,https://github.io/user364
Vue.js,https://portfolio.com/user365
DevOps,https://github.io/user366
Vue.js,https://dev.to/user367
SQL,https://dribbble.com/user368
AWS,https://dribbble.com/user369
Kubernetes,https://behance.net/user370
R,https://medium.com/user371
Big Data,https://linkedin.com/in/user372
AWS,https://medium.com/user373
React,https://medium.com/user374
Swift,https://github.io/user375
Java,https://github.io/user376
Swift,https://dev.to/user377
Dart,https://dev.to/user378
MATLAB,https://linkedin.com/in/user379
Frontend,https://github.io/user380
Kotlin,https://dev.to/user381
C++,https://dribbble.com/user382
Spring Boot,https://medium.com/user383
iOS Development,https://medium.com/user384
Laravel,https://behance.net/user385
MATLAB,https://dribbble.com/user386
Spring Boot,https://dribbble.com/user387
MATLAB,https://medium.com/user388
Scala,https://dribbble.com/user389
iOS Development,https://behance.net/user390
Big Data,https://linkedin.com/in/user391
JavaScript,https://dev.to/user392
Big Data,https://dribbble.com/user393
Azure,https://linkedin.com/in/user394
C#,https://portfolio.com/user395
Kotlin,https://medium.com/user396
Python,https://medium.com/user397
Azure,https://medium.com/user398
Django,https://behance.net/user399
Swift,https://portfolio.com/user400
C#,https://dribbble.com/user401
Go,https://behance.net/user402
JavaScript,https://dribbble.com/user403
Java,https://dribbble.com/user404
AI,https://portfolio.com/user405
Blockchain,https://behance.net/user406
Backend,https://behance.net/user407
C#,https://github.io/user408
TensorFlow,https://dev.to/user409
Spark,https://github.io/user410
Node.js,https://dev.to/user411
Frontend,https://linkedin.com/in/user412
Perl,https://medium.com/user413
GCP,https://dev.to/user414
Swift,https://behance.net/user415
Shell,https://dev.to/user416
Django,https://portfolio.com/user417
GCP,https://behance.net/user418
Android Development,https://dev.to/user419
Azure,https://github.io/user420
AWS,https://linkedin.com/in/user421
iOS Development,https://medium.com/user422
Rust,https://medium.com/user423
Full Stack,https://behance.net/user424
SQL,https://linkedin.com/in/user425
Azure,https://medium.com/user426
PHP,https://medium.com/user427
AWS,https://medium.com/user428
Swift,https://linkedin.com/in/user429
Angular,https://behance.net/user430
Game Development,https://linkedin.com/in/user431
Laravel,https://linkedin.com/in/user432
Go,https://dev.to/user433
Laravel,https://behance.net/user434
TensorFlow,https://dev.to/user435
Big Data,https://dribbble.com/user436
GCP,https://github.io/user437
Angular,https://github.io/user438
Game Development,https://dev.to/user439
SQL,https://linkedin.com/in/user440
Azure,https://portfolio.com/user441
Shell,https://behance.net/user442
AI,https://portfolio.com/user443
Full Stack,https://dribbble.com/user444
SQL,https://linkedin.com/in/user445
Ruby,https://dribbble.com/user446
Shell,https://dribbble.com/user447
TypeScript,https://github.io/user448
Django,https://medium.com/user449
HTML/CSS,https://behance.net/user450
React,https://dribbble.com/user451
Perl,https://behance.net/user452
Spring Boot,https://github.io/user453
Backend,https://behance.net/user454
Swift,https://dev.to/user455
AI,https://linkedin.com/in/user456
DevOps,https://dribbble.com/user457
Azure,https://portfolio.com/user458
R,https://medium.com/user459
React,https://dribbble.com/user460
Java,https://portfolio.com/user461
Vue.js,https://dev.to/user462
Dart,https://portfolio.com/user463
MATLAB,https://dev.to/user464
Spark,https://medium.com/user465
Machine Learning,https://linkedin.com/in/user466
SQL,https://github.io/user467
Shell,https://dribbble.com/user468
ASP.NET,https://portfolio.com/user469
Spark,https://github.io/user470
React,https://github.io/user471
Rust,https://dribbble.com/user472
Ruby,https://behance.net/user473
HTML/CSS,https://dev.to/user474
Dart,https://portfolio.com/user475
Game Development,https://dev.to/user476
C#,https://github.io/user477
Perl,https://medium.com/user478
Ruby,https://dev.to/user479
HTML/CSS,https://linkedin.com/in/user480
C++,https://dev.to/user481
Android Development,https://dev.to/user482
iOS Development,https://github.io/user483
Spring Boot,https://behance.net/user484
JavaScript,https://github.io/user485
Kotlin,https://linkedin.com/in/user486
AI,https://portfolio.com/user487
Machine Learning,https://dev.to/user488
Hadoop,https://github.io/user489
Game Development,https://dev.to/user490
Vue.js,https://behance.net/user491
AI,https://github.io/user492
R,https://dribbble.com/user493
Kubernetes,https://dev.to/user494
Machine Learning,https://dribbble.com/user495
Spring Boot,https://behance.net/user496
Dart,https://github.io/user497
Game Development,https://behance.net/user498
HTML/CSS,https://dev.to/user499
Node.js,https://dev.to/user500
AI,https://linkedin.com/in/user501
DevOps,https://github.io/user502
Django,https://linkedin.com/in/user503
PHP,https://medium.com/user504
Java,https://portfolio.com/user505
SQL,https://medium.com/user506
DevOps,https://github.io/user507
Azure,https://linkedin.com/in/user508
Data Science,https://portfolio.com/user509
Go,https://dev.to/user510
Vue.js,https://portfolio.com/user511
MATLAB,https://dribbble.com/user512
GCP,https://dribbble.com/user513
Go,https://medium.com/user514
AI,https://portfolio.com/user515
Hadoop,https://portfolio.com/user516
ASP.NET,https://github.io/user517
Flask,https://behance.net/user518
React,https://github.io/user519
Java,https://dev.to/user520
Ruby,https://medium.com/user521
PyTorch,https://portfolio.com/user522
PHP,https://dev.to/user523
AI,https://dribbble.com/user524
Full Stack,https://github.io/user525
Vue.js,https://dribbble.com/user526
Frontend,https://portfolio.com/user527
Node.js,https://dev.to/user528
TypeScript,https://portfolio.com/user529
R,https://linkedin.com/in/user530
Backend,https://portfolio.com/user531
Shell,https://linkedin.com/in/user532
React,https://dribbble.com/user533
Game Development,https://dev.to/user534
Azure,https://dribbble.com/user535
R,https://github.io/user536
Vue.js,https://linkedin.com/in/user537
Docker,https://portfolio.com/user538
Python,https://dev.to/user539
Node.js,https://github.io/user540
Backend,https://portfolio.com/user541
R,https://dribbble.com/user542
Vue.js,https://medium.com/user543
Python,https://behance.net/user544
GCP,https://portfolio.com/user545
SQL,https://github.io/user546
Big Data,https://linkedin.com/in/user547
MATLAB,https://linkedin.com/in/user548
Node.js,https://medium.com/user549
PyTorch,https://github.io/user550
Vue.js,https://github.io/user551
Backend,https://portfolio.com/user552
Android Development,https://dribbble.com/user553
Blockchain,https://medium.com/user554
Angular,https://linkedin.com/in/user555
ASP.NET,https://medium.com/user556
TypeScript,https://medium.com/user557
Node.js,https://portfolio.com/user558
DevOps,https://portfolio.com/user559
JavaScript,https://github.io/user560
GCP,https://dev.to/user561
Perl,https://linkedin.com/in/user562
Java,https://linkedin.com/in/user563
Scala,https://behance.net/user564
Keras,https://medium.com/user565
SQL,https://linkedin.com/in/user566
PyTorch,https://dev.to/user567
PyTorch,https://medium.com/user568
Full Stack,https://behance.net/user569
AWS,https://github.io/user570
MATLAB,https://portfolio.com/user571
Angular,https://dev.to/user572
Java,https://github.io/user573
Kotlin,https://dev.to/user574
Game Development,https://portfolio.com/user575
Game Development,https://dev.to/user576
JavaScript,https://dev.to/user577
DevOps,https://dribbble.com/user578
DevOps,https://behance.net/user579
Azure,https://linkedin.com/in/user580
Machine Learning,https://medium.com/user581
Shell,https://github.io/user582
SQL,https://medium.com/user583
MATLAB,https://portfolio.com/user584
Scala,https://linkedin.com/in/user585
TensorFlow,https://linkedin.com/in/user586
Dart,https://github.io/user587
Hadoop,https://linkedin.com/in/user588
C++,https://linkedin.com/in/user589
Laravel,https://dev.to/user590
Android Development,https://behance.net/user591
C++,https://github.io/user592
Flask,https://dev.to/user593
AWS,https://portfolio.com/user594
PyTorch,https://github.io/user595
Ruby,https://behance.net/user596
AWS,https://dribbble.com/user597
Machine Learning,https://portfolio.com/user598
AWS,https://dev.to/user599
Azure,https://portfolio.com/user600
Python,https://github.io/user601
Android Development,https://portfolio.com/user602
Java,https://linkedin.com/in/user603
Shell,https://medium.com/user604
Laravel,https://github.io/user605
Spark,https://portfolio.com/user606
Game Development,https://dev.to/user607
Shell,https://medium.com/user608
Full Stack,https://linkedin.com/in/user609
Django,https://github.io/user610
Spark,https://dev.to/user611
R,https://dribbble.com/user612
MATLAB,https://portfolio.com/user613
Android Development,https://linkedin.com/in/user614
iOS Development,https://dribbble.com/user615
MATLAB,https://behance.net/user616
JavaScript,https://dev.to/user617
React,https://dribbble.com/user618
Shell,https://portfolio.com/user619
TensorFlow,https://behance.net/user620
Kotlin,https://github.io/user621
Frontend,https://dev.to/user622
JavaScript,https://dev.to/user623
Angular,https://github.io/user624
Docker,https://github.io/user625
Go,https://behance.net/user626
C#,https://dev.to/user627
Scala,https://dev.to/user628
Frontend,https://dev.to/user629
DevOps,https://behance.net/user630
C#,https://portfolio.com/user631
Flask,https://github.io/user632
AI,https://linkedin.com/in/user633
Frontend,https://medium.com/user634
Ruby,https://dribbble.com/user635
Kubernetes,https://medium.com/user636
Big Data,https://behance.net/user637
ASP.NET,https://dribbble.com/user638
Shell,https://dev.to/user639
Frontend,https://medium.com/user640
Docker,https://dribbble.com/user641
Keras,https://portfolio.com/user642
DevOps,https://github.io/user643
Hadoop,https://linkedin.com/in/user644
R,https://portfolio.com/user645
Blockchain,https://behance.net/user646
R,https://dev.to/user647
Machine Learning,https://medium.com/user648
Hadoop,https://linkedin.com/in/user649
Rust,https://medium.com/user650
Hadoop,https://dribbble.com/user651
Flask,https://github.io/user652
Hadoop,https://github.io/user653
Shell,https://linkedin.com/in/user654
C#,https://portfolio.com/user655
GCP,https://linkedin.com/in/user656
Kotlin,https://behance.net/user657
Full Stack,https://github.io/user658
Game Development,https://medium.com/user659
AWS,https://medium.com/user660
TypeScript,https://behance.net/user661
MATLAB,https://medium.com/user662
Ruby,https://behance.net/user663
Hadoop,https://dribbble.com/user664
Rust,https://github.io/user665
Hadoop,https://portfolio.com/user666
Keras,https://linkedin.com/in/user667
Node.js,https://linkedin.com/in/user668
Backend,https://linkedin.com/in/user669
GCP,https://dribbble.com/user670
Rust,https://medium.com/user671
Django,https://linkedin.com/in/user672
Django,https://dev.to/user673
Kotlin,https://dev.to/user674
GCP,https://github.io/user675
Laravel,https://portfolio.com/user676
Angular,https://dribbble.com/user677
Python,https://behance.net/user678
AWS,https://dribbble.com/user679
JavaScript,https://linkedin.com/in/user680
GCP,https://behance.net/user681
Dart,https://behance.net/user682
Java,https://behance.net/user683
Rust,https://dev.to/user684
AI,https://github.io/user685
Hadoop,https://github.io/user686
Node.js,https://behance.net/user687
Data Science,https://dev.to/user688
Kubernetes,https://behance.net/user689
Vue.js,https://portfolio.com/user690
Keras,https://dev.to/user691
TensorFlow,https://behance.net/user692
AWS,https://medium.com/user693
Swift,https://linkedin.com/in/user694
React,https://behance.net/user695
ASP.NET,https://dribbble.com/user696
C++,https://behance.net/user697
Machine Learning,https://dev.to/user698
React,https://portfolio.com/user699
Laravel,https://medium.com/user700
HTML/CSS,https://dribbble.com/user701
ASP.NET,https://dev.to/user702
Azure,https://behance.net/user703
R,https://medium.com/user704
Machine Learning,https://github.io/user705
Dart,https://medium.com/user706
MATLAB,https://linkedin.com/in/user707
Node.js,https://medium.com/user708
Docker,https://linkedin.com/in/user709
Rust,https://behance.net/user710
Frontend,https://dev.to/user711
GCP,https://behance.net/user712
Rust,https://behance.net/user713
Android Development,https://dribbble.com/user714
Kotlin,https://dribbble.com/user715
Frontend,https://github.io/user716
GCP,https://dev.to/user717
PHP,https://dev.to/user718
Kubernetes,https://dribbble.com/user719
Data Science,https://medium.com/user720
Data Science,https://dribbble.com/user721
Java,https://behance.net/user722
Frontend,https://dev.to/user723
C#,https://linkedin.com/in/user724
Keras,https://github.io/user725
PHP,https://behance.net/user726
Node.js,https://linkedin.com/in/user727
Perl,https://medium.com/user728
TensorFlow,https://dribbble.com/user729
Ruby,https://linkedin.com/in/user730
Node.js,https://behance.net/user731
R,https://dev.to/user732
DevOps,https://behance.net/user733
Dart,https://github.io/user734
Machine Learning,https://dribbble.com/user735
GCP,https://behance.net/user736
TensorFlow,https://behance.net/user737
Full Stack,https://dev.to/user738
Game Development,https://behance.net/user739
Rust,https://dev.to/user740
iOS Development,https://linkedin.com/in/user741
Docker,https://dribbble.com/user742
TensorFlow,https://dribbble.com/user743
Kotlin,https://dev.to/user744
JavaScript,https://dev.to/user745
Vue.js,https://github.io/user746
HTML/CSS,https://github.io/user747
Machine Learning,https://portfolio.com/user748
PHP,https://github.io/user749
Java,https://portfolio.com/user750
Angular,https://behance.net/user751
JavaScript,https://linkedin.com/in/user752
Shell,https://dev.to/user753
Python,https://medium.com/user754
Django,https://dev.to/user755
Spring Boot,https://medium.com/user756
JavaScript,https://github.io/user757
Kubernetes,https://linkedin.com/in/user758
Go,https://dribbble.com/user759
Python,https://linkedin.com/in/user760
R,https://github.io/user761
Keras,https://github.io/user762
Vue.js,https://medium.com/user763
C#,https://behance.net/user764
C++,https://github.io/user765
ASP.NET,https://dribbble.com/user766
C++,https://portfolio.com/user767
MATLAB,https://portfolio.com/user768
HTML/CSS,https://portfolio.com/user769
Docker,https://behance.net/user770
Docker,https://medium.com/user771
Scala,https://dev.to/user772
Rust,https://github.io/user773
Python,https://dribbble.com/user774
Android Development,https://dribbble.com/user775
Data Science,https://medium.com/user776
Backend,https://linkedin.com/in/user777
Perl,https://dribbble.com/user778
Flask,https://linkedin.com/in/user779
C#,https://portfolio.com/user780
DevOps,https://dribbble.com/user781
Keras,https://dev.to/user782
Rust,https://portfolio.com/user783
Angular,https://linkedin.com/in/user784
Angular,https://portfolio.com/user785
AWS,https://linkedin.com/in/user786
Java,https://portfolio.com/user787
Vue.js,https://portfolio.com/user788
TypeScript,https://medium.com/user789
JavaScript,https://dev.to/user790
Frontend,https://linkedin.com/in/user791
Keras,https://dev.to/user792
Spring Boot,https://portfolio.com/user793
Data Science,https://behance.net/user794
Angular,https://medium.com/user795
PHP,https://linkedin.com/in/user796
AI,https://portfolio.com/user797
Blockchain,https://behance.net/user798
Machine Learning,https://medium.com/user799
JavaScript,https://dribbble.com/user800
Full Stack,https://medium.com/user801
Keras,https://github.io/user802
Spring Boot,https://linkedin.com/in/user803
AWS,https://linkedin.com/in/user804
Vue.js,https://portfolio.com/user805
ASP.NET,https://medium.com/user806
Data Science,https://dribbble.com/user807
Shell,https://linkedin.com/in/user808
Backend,https://dribbble.com/user809
Hadoop,https://dev.to/user810
Go,https://dev.to/user811
Python,https://github.io/user812
PHP,https://portfolio.com/user813
Perl,https://medium.com/user814
Angular,https://behance.net/user815
Shell,https://portfolio.com/user816
Blockchain,https://behance.net/user817
Frontend,https://linkedin.com/in/user818
R,https://medium.com/user819
Kubernetes,https://github.io/user820
Swift,https://dev.to/user821
Keras,https://behance.net/user822
TypeScript,https://linkedin.com/in/user823
ASP.NET,https://github.io/user824
Perl,https://dev.to/user825
Python,https://medium.com/user826
Hadoop,https://github.io/user827
Ruby,https://github.io/user828
Frontend,https://medium.com/user829
Hadoop,https://medium.com/user830
Kubernetes,https://github.io/user831
Spark,https://portfolio.com/user832
Laravel,https://behance.net/user833
Dart,https://behance.net/user834
Angular,https://dev.to/user835
PyTorch,https://medium.com/user836
Keras,https://behance.net/user837
Flask,https://linkedin.com/in/user838
Go,https://github.io/user839
Django,https://linkedin.com/in/user840
ASP.NET,https://portfolio.com/user841
Go,https://dev.to/user842
Node.js,https://linkedin.com/in/user843
Spring Boot,https://linkedin.com/in/user844
Azure,https://behance.net/user845
Backend,https://github.io/user846
Django,https://linkedin.com/in/user847
Backend,https://medium.com/user848
JavaScript,https://github.io/user849
JavaScript,https://dev.to/user850
DevOps,https://dev.to/user851
Shell,https://medium.com/user852
Game Development,https://linkedin.com/in/user853
Backend,https://github.io/user854
ASP.NET,https://dribbble.com/user855
Angular,https://portfolio.com/user856
Kotlin,https://github.io/user857
React,https://linkedin.com/in/user858
Dart,https://portfolio.com/user859
Big Data,https://portfolio.com/user860
Kotlin,https://github.io/user861
Flask,https://dribbble.com/user862
Flask,https://portfolio.com/user863
TypeScript,https://dribbble.com/user864
AWS,https://dev.to/user865
PHP,https://linkedin.com/in/user866
Dart,https://dribbble.com/user867
Flask,https://dev.to/user868
Data Science,https://github.io/user869
Flask,https://behance.net/user870
R,https://dribbble.com/user871
TensorFlow,https://medium.com/user872
Java,https://linkedin.com/in/user873
Java,https://dribbble.com/user874
HTML/CSS,https://dev.to/user875
Spark,https://dev.to/user876
Keras,https://github.io/user877
TypeScript,https://dev.to/user878
Flask,https://github.io/user879
Data Science,https://linkedin.com/in/user880
TypeScript,https://github.io/user881
React,https://github.io/user882
C++,https://medium.com/user883
Java,https://behance.net/user884
Frontend,https://portfolio.com/user885
Python,https://medium.com/user886
GCP,https://dev.to/user887
TypeScript,https://linkedin.com/in/user888
Spark,https://dev.to/user889
JavaScript,https://behance.net/user890
Game Development,https://behance.net/user891
JavaScript,https://linkedin.com/in/user892
Spark,https://dribbble.com/user893
Laravel,https://linkedin.com/in/user894
Scala,https://portfolio.com/user895
Frontend,https://behance.net/user896
AI,https://linkedin.com/in/user897
Swift,https://dribbble.com/user898
AI,https://dev.to/user899
Backend,https://linkedin.com/in/user900
JavaScript,https://dribbble.com/user901
AI,https://portfolio.com/user902
Perl,https://behance.net/user903
SQL,https://medium.com/user904
Go,https://dribbble.com/user905
HTML/CSS,https://linkedin.com/in/user906
Hadoop,https://medium.com/user907
Laravel,https://dribbble.com/user908
Flask,https://github.io/user909
C#,https://dev.to/user910
Spark,https://behance.net/user911
HTML/CSS,https://dribbble.com/user912
C#,https://linkedin.com/in/user913
Ruby,https://github.io/user914
Android Development,https://github.io/user915
PyTorch,https://dribbble.com/user916
iOS Development,https://medium.com/user917
Swift,https://portfolio.com/user918
Game Development,https://dribbble.com/user919
Game Development,https://portfolio.com/user920
AI,https://dribbble.com/user921
Big Data,https://portfolio.com/user922
Game Development,https://linkedin.com/in/user923
Spring Boot,https://linkedin.com/in/user924
Angular,https://portfolio.com/user925
Angular,https://dev.to/user926
iOS Development,https://dev.to/user927
iOS Development,https://dev.to/user928
Azure,https://medium.com/user929
Docker,https://linkedin.com/in/user930
Python,https://dribbble.com/user931
React,https://linkedin.com/in/user932
Hadoop,https://linkedin.com/in/user933
R,https://portfolio.com/user934
Hadoop,https://portfolio.com/user935
ASP.NET,https://medium.com/user936
Big Data,https://portfolio.com/user937
Android Development,https://github.io/user938
Python,https://github.io/user939
PyTorch,https://linkedin.com/in/user940
JavaScript,https://dev.to/user941
ASP.NET,https://dribbble.com/user942
SQL,https://behance.net/user943
JavaScript,https://portfolio.com/user944
Docker,https://github.io/user945
Shell,https://linkedin.com/in/user946
TypeScript,https://portfolio.com/user947
GCP,https://linkedin.com/in/user948
Rust,https://linkedin.com/in/user949
SQL,https://linkedin.com/in/user950
Android Development,https://portfolio.com/user951
Blockchain,https://behance.net/user952
Kotlin,https://medium.com/user953
Java,https://portfolio.com/user954
Keras,https://github.io/user955
Node.js,https://linkedin.com/in/user956
R,https://medium.com/user957
Django,https://behance.net/user958
Spark,https://medium.com/user959
Vue.js,https://portfolio.com/user960
TensorFlow,https://dev.to/user961
Laravel,https://linkedin.com/in/user962
Kubernetes,https://medium.com/user963
Laravel,https://medium.com/user964
C#,https://medium.com/user965
PHP,https://linkedin.com/in/user966
Java,https://dev.to/user967
Python,https://behance.net/user968
DevOps,https://github.io/user969
Big Data,https://dev.to/user970
Keras,https://medium.com/user971
Docker,https://portfolio.com/user972
Scala,https://dribbble.com/user973
C#,https://linkedin.com/in/user974
Vue.js,https://dribbble.com/user975
Python,https://github.io/user976
GCP,https://portfolio.com/user977
SQL,https://dribbble.com/user978
Big Data,https://github.io/user979
C++,https://dev.to/user980
Spring Boot,https://github.io/user981
Go,https://behance.net/user982
C++,https://dev.to/user983
Scala,https://github.io/user984
Java,https://github.io/user985
Kotlin,https://linkedin.com/in/user986
Hadoop,https://linkedin.com/in/user987
DevOps,https://linkedin.com/in/user988
Data Science,https://medium.com/user989
TensorFlow,https://dribbble.com/user990
MATLAB,https://behance.net/user991
Java,https://dev.to/user992
R,https://dribbble.com/user993
iOS Development,https://dribbble.com/user994
Dart,https://linkedin.com/in/user995
TensorFlow,https://portfolio.com/user996
GCP,https://behance.net/user997
Azure,https://dev.to/user998
PHP,https://linkedin.com/in/user999
PyTorch,https://github.io/user1000
